description,Product
MintyFresh refresh mint 18grams,MintyFresh Mint 18g
200g ChocoDelight smooth,ChocoDelight Dark 200g
350g ChocoDelight delicious,ChocoDelight Dark 350g
delightful Hazelnuts 80g NuttyCream,NuttyCream Hazelnuts 80g
A decadent DarkDream dark chocolate ice cream with a weight of 60 grams.,DarkDream Dark 60g
MintyFresh refresh mint 18grams,MintyFresh Mint 18g
A rich and smooth ChocoDelight dark chocolate bar weighing (150+50) 200 grams.,ChocoDelight Dark 200g
ChocoDelight White 350g creamy,ChocoDelight White 350g
Hazelnuts NuttyCream 80g  delightful,NuttyCream Hazelnuts 80g
A decadent DarkDream dark chocolate ice cream with a weight of 60 grams.,DarkDream Dark 60g
18g MintyFresh ref,MintyFresh Mint 18g
A rich and smooth ChocoDelight dark chocolate bar weighing (150+50) 200 grams.,ChocoDelight Dark 200g
creamy ChocoDelight 350g,ChocoDelight 350g
80g NuttyCream flavor Hazelnuts,NuttyCream Hazelnuts 80g
decadent Dark 60g DarkDream,DarkDream Dark 60g
18g MintyFresh ref,MintyFresh Mint 18g
rich ChocoDelight 200g,ChocoDelight Dark 200g
350g ChocoDelight delicious,ChocoDelight Dark 350g
80g NuttyCream flavor Hazelnuts,NuttyCream Hazelnuts 80g
A decadent DarkDream dark chocolate ice cream with a weight of 60 grams.,DarkDream Dark 60g
A refreshing MintyFresh candy with a weight of 9gx2,MintyFresh Mint 18g
rich ChocoDelight 200g,ChocoDelight Dark 200g
350g ChocoDelight delicious,ChocoDelight Dark 350g
Hazelnuts NuttyCream 80g  delightful,NuttyCream Hazelnuts 80g
decadent Dark 60g DarkDream,DarkDream Dark 60g
A refreshing MintyFresh candy with a weight of 9gx2,MintyFresh Mint 18g
200g ChocoDelight smooth,ChocoDelight Dark 200g
ChocoDelight White 350g creamy,ChocoDelight White 350g
Hazelnuts NuttyCream 80g  delightful,NuttyCream Hazelnuts 80g
A decadent DarkDream dark chocolate ice cream with a weight of 60 grams.,DarkDream Dark 60g
MintyFresh 18g refresh,MintyFresh Mint 18g
200g ChocoDelight smooth,ChocoDelight Dark 200g
creamy ChocoDelight 350g,ChocoDelight 350g
80g NuttyCream flavor Hazelnuts,NuttyCream Hazelnuts 80g
60g Dark DarkDream,DarkDream Dark 60g
MintyFresh refresh mint 18grams,MintyFresh Mint 18g
200g ChocoDelight smooth,ChocoDelight Dark 200g
ChocoDelight White 350g creamy,ChocoDelight White 350g
80g NuttyCream flavor Hazelnuts,NuttyCream Hazelnuts 80g
A decadent DarkDream dark chocolate ice cream with a weight of 60 grams.,DarkDream Dark 60g
MintyFresh refresh mint 18grams,MintyFresh Mint 18g
A rich and smooth ChocoDelight dark chocolate bar weighing (150+50) 200 grams.,ChocoDelight Dark 200g
350g ChocoDelight delicious,ChocoDelight Dark 350g
80g NuttyCream flavor Hazelnuts,NuttyCream Hazelnuts 80g
60g Dark DarkDream,DarkDream Dark 60g
18g MintyFresh ref,MintyFresh Mint 18g
A rich and smooth ChocoDelight dark chocolate bar weighing (150+50) 200 grams.,ChocoDelight Dark 200g
A creamy and delicious ChocoDelight white chocolate bar weighing 350g(300g+50g),ChocoDelight White 350g
A delightful NuttyCream hazelnut flavored ice cream with a weight of 80 grams.,NuttyCream Hazelnuts 80g
decadent Dark 60g DarkDream,DarkDream Dark 60g
MintyFresh 18g refresh,MintyFresh Mint 18g
rich ChocoDelight 200g,ChocoDelight Dark 200g
A creamy and delicious ChocoDelight white chocolate bar weighing 350g(300g+50g),ChocoDelight White 350g
80g NuttyCream flavor Hazelnuts,NuttyCream Hazelnuts 80g
decadent Dark 60g DarkDream,DarkDream Dark 60g
A refreshing MintyFresh candy with a weight of 9gx2,MintyFresh Mint 18g
200g ChocoDelight smooth,ChocoDelight Dark 200g
350g ChocoDelight delicious,ChocoDelight Dark 350g
80g NuttyCream flavor Hazelnuts,NuttyCream Hazelnuts 80g
60g Dark DarkDream,DarkDream Dark 60g
MintyFresh refresh mint 18grams,MintyFresh Mint 18g
rich ChocoDelight 200g,ChocoDelight Dark 200g
A creamy and delicious ChocoDelight white chocolate bar weighing 350g(300g+50g),ChocoDelight White 350g
delightful Hazelnuts 80g NuttyCream,NuttyCream Hazelnuts 80g
decadent Dark 60g DarkDream,DarkDream Dark 60g
MintyFresh refresh mint 18grams,MintyFresh Mint 18g
rich ChocoDelight 200g,ChocoDelight Dark 200g
ChocoDelight White 350g creamy,ChocoDelight White 350g
Hazelnuts NuttyCream 80g  delightful,NuttyCream Hazelnuts 80g
60g Dark DarkDream,DarkDream Dark 60g
18g MintyFresh ref,MintyFresh Mint 18g
200g ChocoDelight smooth,ChocoDelight Dark 200g
ChocoDelight White 350g creamy,ChocoDelight White 350g
delightful Hazelnuts 80g NuttyCream,NuttyCream Hazelnuts 80g
decadent Dark 60g DarkDream,DarkDream Dark 60g
18g MintyFresh ref,MintyFresh Mint 18g
A rich and smooth ChocoDelight dark chocolate bar weighing (150+50) 200 grams.,ChocoDelight Dark 200g
creamy ChocoDelight 350g,ChocoDelight 350g
Hazelnuts NuttyCream 80g  delightful,NuttyCream Hazelnuts 80g
60g Dark DarkDream,DarkDream Dark 60g
A refreshing MintyFresh candy with a weight of 9gx2,MintyFresh Mint 18g
ChocoDelight Dark 200g rich,ChocoDelight Dark 200g
creamy ChocoDelight 350g,ChocoDelight 350g
80g NuttyCream flavor Hazelnuts,NuttyCream Hazelnuts 80g
A decadent DarkDream dark chocolate ice cream with a weight of 60 grams.,DarkDream Dark 60g
18g MintyFresh ref,MintyFresh Mint 18g
200g ChocoDelight smooth,ChocoDelight Dark 200g
ChocoDelight White 350g creamy,ChocoDelight White 350g
A delightful NuttyCream hazelnut flavored ice cream with a weight of 80 grams.,NuttyCream Hazelnuts 80g
60g Dark DarkDream,DarkDream Dark 60g
A refreshing MintyFresh candy with a weight of 9gx2,MintyFresh Mint 18g
A rich and smooth ChocoDelight dark chocolate bar weighing (150+50) 200 grams.,ChocoDelight Dark 200g
creamy ChocoDelight 350g,ChocoDelight 350g
A delightful NuttyCream hazelnut flavored ice cream with a weight of 80 grams.,NuttyCream Hazelnuts 80g
A decadent DarkDream dark chocolate ice cream with a weight of 60 grams.,DarkDream Dark 60g
A refreshing MintyFresh candy with a weight of 9gx2,MintyFresh Mint 18g
200g ChocoDelight smooth,ChocoDelight Dark 200g
350g ChocoDelight delicious,ChocoDelight Dark 350g
A delightful NuttyCream hazelnut flavored ice cream with a weight of 80 grams.,NuttyCream Hazelnuts 80g
60g Dark DarkDream,DarkDream Dark 60g
MintyFresh 18g refresh,MintyFresh Mint 18g
rich ChocoDelight 200g,ChocoDelight Dark 200g
A creamy and delicious ChocoDelight white chocolate bar weighing 350g(300g+50g),ChocoDelight White 350g
delightful Hazelnuts 80g NuttyCream,NuttyCream Hazelnuts 80g
A decadent DarkDream dark chocolate ice cream with a weight of 60 grams.,DarkDream Dark 60g
MintyFresh refresh mint 18grams,MintyFresh Mint 18g
ChocoDelight Dark 200g rich,ChocoDelight Dark 200g
350g ChocoDelight delicious,ChocoDelight Dark 350g
delightful Hazelnuts 80g NuttyCream,NuttyCream Hazelnuts 80g
A decadent DarkDream dark chocolate ice cream with a weight of 60 grams.,DarkDream Dark 60g
18g MintyFresh ref,MintyFresh Mint 18g
rich ChocoDelight 200g,ChocoDelight Dark 200g
350g ChocoDelight delicious,ChocoDelight Dark 350g
Hazelnuts NuttyCream 80g  delightful,NuttyCream Hazelnuts 80g
decadent Dark 60g DarkDream,DarkDream Dark 60g
MintyFresh refresh mint 18grams,MintyFresh Mint 18g
ChocoDelight Dark 200g rich,ChocoDelight Dark 200g
A creamy and delicious ChocoDelight white chocolate bar weighing 350g(300g+50g),ChocoDelight White 350g
80g NuttyCream flavor Hazelnuts,NuttyCream Hazelnuts 80g
60g Dark DarkDream,DarkDream Dark 60g
MintyFresh 18g refresh,MintyFresh Mint 18g
ChocoDelight Dark 200g rich,ChocoDelight Dark 200g
creamy ChocoDelight 350g,ChocoDelight 350g
A delightful NuttyCream hazelnut flavored ice cream with a weight of 80 grams.,NuttyCream Hazelnuts 80g
A decadent DarkDream dark chocolate ice cream with a weight of 60 grams.,DarkDream Dark 60g
MintyFresh 18g refresh,MintyFresh Mint 18g
ChocoDelight Dark 200g rich,ChocoDelight Dark 200g
350g ChocoDelight delicious,ChocoDelight Dark 350g
80g NuttyCream flavor Hazelnuts,NuttyCream Hazelnuts 80g
Dark DarkDream 60g decadent,DarkDream Dark 60g
A refreshing MintyFresh candy with a weight of 9gx2,MintyFresh Mint 18g
200g ChocoDelight smooth,ChocoDelight Dark 200g
ChocoDelight White 350g creamy,ChocoDelight White 350g
delightful Hazelnuts 80g NuttyCream,NuttyCream Hazelnuts 80g
60g Dark DarkDream,DarkDream Dark 60g
MintyFresh 18g refresh,MintyFresh Mint 18g
200g ChocoDelight smooth,ChocoDelight Dark 200g
A creamy and delicious ChocoDelight white chocolate bar weighing 350g(300g+50g),ChocoDelight White 350g
80g NuttyCream flavor Hazelnuts,NuttyCream Hazelnuts 80g
Dark DarkDream 60g decadent,DarkDream Dark 60g
A refreshing MintyFresh candy with a weight of 9gx2,MintyFresh Mint 18g
rich ChocoDelight 200g,ChocoDelight Dark 200g
350g ChocoDelight delicious,ChocoDelight Dark 350g
Hazelnuts NuttyCream 80g  delightful,NuttyCream Hazelnuts 80g
Dark DarkDream 60g decadent,DarkDream Dark 60g
18g MintyFresh ref,MintyFresh Mint 18g
ChocoDelight Dark 200g rich,ChocoDelight Dark 200g
ChocoDelight White 350g creamy,ChocoDelight White 350g
Hazelnuts NuttyCream 80g  delightful,NuttyCream Hazelnuts 80g
decadent Dark 60g DarkDream,DarkDream Dark 60g
MintyFresh refresh mint 18grams,MintyFresh Mint 18g
A rich and smooth ChocoDelight dark chocolate bar weighing (150+50) 200 grams.,ChocoDelight Dark 200g
ChocoDelight White 350g creamy,ChocoDelight White 350g
80g NuttyCream flavor Hazelnuts,NuttyCream Hazelnuts 80g
Dark DarkDream 60g decadent,DarkDream Dark 60g
18g MintyFresh ref,MintyFresh Mint 18g
rich ChocoDelight 200g,ChocoDelight Dark 200g
A creamy and delicious ChocoDelight white chocolate bar weighing 350g(300g+50g),ChocoDelight White 350g
80g NuttyCream flavor Hazelnuts,NuttyCream Hazelnuts 80g
A decadent DarkDream dark chocolate ice cream with a weight of 60 grams.,DarkDream Dark 60g
MintyFresh refresh mint 18grams,MintyFresh Mint 18g
ChocoDelight Dark 200g rich,ChocoDelight Dark 200g
A creamy and delicious ChocoDelight white chocolate bar weighing 350g(300g+50g),ChocoDelight White 350g
80g NuttyCream flavor Hazelnuts,NuttyCream Hazelnuts 80g
A decadent DarkDream dark chocolate ice cream with a weight of 60 grams.,DarkDream Dark 60g
MintyFresh 18g refresh,MintyFresh Mint 18g
A rich and smooth ChocoDelight dark chocolate bar weighing (150+50) 200 grams.,ChocoDelight Dark 200g
ChocoDelight White 350g creamy,ChocoDelight White 350g
Hazelnuts NuttyCream 80g  delightful,NuttyCream Hazelnuts 80g
Dark DarkDream 60g decadent,DarkDream Dark 60g
18g MintyFresh ref,MintyFresh Mint 18g
ChocoDelight Dark 200g rich,ChocoDelight Dark 200g
A creamy and delicious ChocoDelight white chocolate bar weighing 350g(300g+50g),ChocoDelight White 350g
80g NuttyCream flavor Hazelnuts,NuttyCream Hazelnuts 80g
A decadent DarkDream dark chocolate ice cream with a weight of 60 grams.,DarkDream Dark 60g
A refreshing MintyFresh candy with a weight of 9gx2,MintyFresh Mint 18g
A rich and smooth ChocoDelight dark chocolate bar weighing (150+50) 200 grams.,ChocoDelight Dark 200g
350g ChocoDelight delicious,ChocoDelight Dark 350g
80g NuttyCream flavor Hazelnuts,NuttyCream Hazelnuts 80g
decadent Dark 60g DarkDream,DarkDream Dark 60g
18g MintyFresh ref,MintyFresh Mint 18g
rich ChocoDelight 200g,ChocoDelight Dark 200g
ChocoDelight White 350g creamy,ChocoDelight White 350g
delightful Hazelnuts 80g NuttyCream,NuttyCream Hazelnuts 80g
Dark DarkDream 60g decadent,DarkDream Dark 60g
18g MintyFresh ref,MintyFresh Mint 18g
ChocoDelight Dark 200g rich,ChocoDelight Dark 200g
creamy ChocoDelight 350g,ChocoDelight 350g
80g NuttyCream flavor Hazelnuts,NuttyCream Hazelnuts 80g
decadent Dark 60g DarkDream,DarkDream Dark 60g
MintyFresh refresh mint 18grams,MintyFresh Mint 18g
ChocoDelight Dark 200g rich,ChocoDelight Dark 200g
350g ChocoDelight delicious,ChocoDelight Dark 350g
80g NuttyCream flavor Hazelnuts,NuttyCream Hazelnuts 80g
A decadent DarkDream dark chocolate ice cream with a weight of 60 grams.,DarkDream Dark 60g
MintyFresh refresh mint 18grams,MintyFresh Mint 18g
A rich and smooth ChocoDelight dark chocolate bar weighing (150+50) 200 grams.,ChocoDelight Dark 200g
creamy ChocoDelight 350g,ChocoDelight 350g
80g NuttyCream flavor Hazelnuts,NuttyCream Hazelnuts 80g
decadent Dark 60g DarkDream,DarkDream Dark 60g
A refreshing MintyFresh candy with a weight of 9gx2,MintyFresh Mint 18g
200g ChocoDelight smooth,ChocoDelight Dark 200g
ChocoDelight White 350g creamy,ChocoDelight White 350g
delightful Hazelnuts 80g NuttyCream,NuttyCream Hazelnuts 80g
60g Dark DarkDream,DarkDream Dark 60g
A refreshing MintyFresh candy with a weight of 9gx2,MintyFresh Mint 18g
ChocoDelight Dark 200g rich,ChocoDelight Dark 200g
creamy ChocoDelight 350g,ChocoDelight 350g
delightful Hazelnuts 80g NuttyCream,NuttyCream Hazelnuts 80g
Dark DarkDream 60g decadent,DarkDream Dark 60g
18g MintyFresh ref,MintyFresh Mint 18g
ChocoDelight Dark 200g rich,ChocoDelight Dark 200g
creamy ChocoDelight 350g,ChocoDelight 350g
A delightful NuttyCream hazelnut flavored ice cream with a weight of 80 grams.,NuttyCream Hazelnuts 80g
Dark DarkDream 60g decadent,DarkDream Dark 60g
18g MintyFresh ref,MintyFresh Mint 18g
rich ChocoDelight 200g,ChocoDelight Dark 200g
creamy ChocoDelight 350g,ChocoDelight 350g
A delightful NuttyCream hazelnut flavored ice cream with a weight of 80 grams.,NuttyCream Hazelnuts 80g
decadent Dark 60g DarkDream,DarkDream Dark 60g
A refreshing MintyFresh candy with a weight of 9gx2,MintyFresh Mint 18g
200g ChocoDelight smooth,ChocoDelight Dark 200g
creamy ChocoDelight 350g,ChocoDelight 350g
delightful Hazelnuts 80g NuttyCream,NuttyCream Hazelnuts 80g
decadent Dark 60g DarkDream,DarkDream Dark 60g
MintyFresh refresh mint 18grams,MintyFresh Mint 18g
200g ChocoDelight smooth,ChocoDelight Dark 200g
350g ChocoDelight delicious,ChocoDelight Dark 350g
80g NuttyCream flavor Hazelnuts,NuttyCream Hazelnuts 80g
decadent Dark 60g DarkDream,DarkDream Dark 60g
A refreshing MintyFresh candy with a weight of 9gx2,MintyFresh Mint 18g
ChocoDelight Dark 200g rich,ChocoDelight Dark 200g
350g ChocoDelight delicious,ChocoDelight Dark 350g
80g NuttyCream flavor Hazelnuts,NuttyCream Hazelnuts 80g
Dark DarkDream 60g decadent,DarkDream Dark 60g
18g MintyFresh ref,MintyFresh Mint 18g
rich ChocoDelight 200g,ChocoDelight Dark 200g
350g ChocoDelight delicious,ChocoDelight Dark 350g
80g NuttyCream flavor Hazelnuts,NuttyCream Hazelnuts 80g
Dark DarkDream 60g decadent,DarkDream Dark 60g
MintyFresh refresh mint 18grams,MintyFresh Mint 18g
A rich and smooth ChocoDelight dark chocolate bar weighing (150+50) 200 grams.,ChocoDelight Dark 200g
creamy ChocoDelight 350g,ChocoDelight 350g
Hazelnuts NuttyCream 80g  delightful,NuttyCream Hazelnuts 80g
Dark DarkDream 60g decadent,DarkDream Dark 60g
MintyFresh 18g refresh,MintyFresh Mint 18g
A rich and smooth ChocoDelight dark chocolate bar weighing (150+50) 200 grams.,ChocoDelight Dark 200g
creamy ChocoDelight 350g,ChocoDelight 350g
A delightful NuttyCream hazelnut flavored ice cream with a weight of 80 grams.,NuttyCream Hazelnuts 80g
60g Dark DarkDream,DarkDream Dark 60g
A refreshing MintyFresh candy with a weight of 9gx2,MintyFresh Mint 18g
200g ChocoDelight smooth,ChocoDelight Dark 200g
350g ChocoDelight delicious,ChocoDelight Dark 350g
80g NuttyCream flavor Hazelnuts,NuttyCream Hazelnuts 80g
decadent Dark 60g DarkDream,DarkDream Dark 60g
MintyFresh refresh mint 18grams,MintyFresh Mint 18g
200g ChocoDelight smooth,ChocoDelight Dark 200g
creamy ChocoDelight 350g,ChocoDelight 350g
A delightful NuttyCream hazelnut flavored ice cream with a weight of 80 grams.,NuttyCream Hazelnuts 80g
decadent Dark 60g DarkDream,DarkDream Dark 60g
MintyFresh refresh mint 18grams,MintyFresh Mint 18g
200g ChocoDelight smooth,ChocoDelight Dark 200g
creamy ChocoDelight 350g,ChocoDelight 350g
Hazelnuts NuttyCream 80g  delightful,NuttyCream Hazelnuts 80g
Dark DarkDream 60g decadent,DarkDream Dark 60g
A refreshing MintyFresh candy with a weight of 9gx2,MintyFresh Mint 18g
A rich and smooth ChocoDelight dark chocolate bar weighing (150+50) 200 grams.,ChocoDelight Dark 200g
ChocoDelight White 350g creamy,ChocoDelight White 350g
Hazelnuts NuttyCream 80g  delightful,NuttyCream Hazelnuts 80g
decadent Dark 60g DarkDream,DarkDream Dark 60g
18g MintyFresh ref,MintyFresh Mint 18g
A rich and smooth ChocoDelight dark chocolate bar weighing (150+50) 200 grams.,ChocoDelight Dark 200g
creamy ChocoDelight 350g,ChocoDelight 350g
A delightful NuttyCream hazelnut flavored ice cream with a weight of 80 grams.,NuttyCream Hazelnuts 80g
decadent Dark 60g DarkDream,DarkDream Dark 60g
18g MintyFresh ref,MintyFresh Mint 18g
ChocoDelight Dark 200g rich,ChocoDelight Dark 200g
ChocoDelight White 350g creamy,ChocoDelight White 350g
80g NuttyCream flavor Hazelnuts,NuttyCream Hazelnuts 80g
Dark DarkDream 60g decadent,DarkDream Dark 60g
18g MintyFresh ref,MintyFresh Mint 18g
A rich and smooth ChocoDelight dark chocolate bar weighing (150+50) 200 grams.,ChocoDelight Dark 200g
creamy ChocoDelight 350g,ChocoDelight 350g
Hazelnuts NuttyCream 80g  delightful,NuttyCream Hazelnuts 80g
A decadent DarkDream dark chocolate ice cream with a weight of 60 grams.,DarkDream Dark 60g
MintyFresh 18g refresh,MintyFresh Mint 18g
200g ChocoDelight smooth,ChocoDelight Dark 200g
350g ChocoDelight delicious,ChocoDelight Dark 350g
delightful Hazelnuts 80g NuttyCream,NuttyCream Hazelnuts 80g
60g Dark DarkDream,DarkDream Dark 60g
MintyFresh refresh mint 18grams,MintyFresh Mint 18g
ChocoDelight Dark 200g rich,ChocoDelight Dark 200g
A creamy and delicious ChocoDelight white chocolate bar weighing 350g(300g+50g),ChocoDelight White 350g
A delightful NuttyCream hazelnut flavored ice cream with a weight of 80 grams.,NuttyCream Hazelnuts 80g
A decadent DarkDream dark chocolate ice cream with a weight of 60 grams.,DarkDream Dark 60g
MintyFresh refresh mint 18grams,MintyFresh Mint 18g
rich ChocoDelight 200g,ChocoDelight Dark 200g
ChocoDelight White 350g creamy,ChocoDelight White 350g
Hazelnuts NuttyCream 80g  delightful,NuttyCream Hazelnuts 80g
decadent Dark 60g DarkDream,DarkDream Dark 60g
MintyFresh refresh mint 18grams,MintyFresh Mint 18g
A rich and smooth ChocoDelight dark chocolate bar weighing (150+50) 200 grams.,ChocoDelight Dark 200g
creamy ChocoDelight 350g,ChocoDelight 350g
Hazelnuts NuttyCream 80g  delightful,NuttyCream Hazelnuts 80g
60g Dark DarkDream,DarkDream Dark 60g
18g MintyFresh ref,MintyFresh Mint 18g
200g ChocoDelight smooth,ChocoDelight Dark 200g
creamy ChocoDelight 350g,ChocoDelight 350g
delightful Hazelnuts 80g NuttyCream,NuttyCream Hazelnuts 80g
Dark DarkDream 60g decadent,DarkDream Dark 60g
A refreshing MintyFresh candy with a weight of 9gx2,MintyFresh Mint 18g
ChocoDelight Dark 200g rich,ChocoDelight Dark 200g
creamy ChocoDelight 350g,ChocoDelight 350g
80g NuttyCream flavor Hazelnuts,NuttyCream Hazelnuts 80g
A decadent DarkDream dark chocolate ice cream with a weight of 60 grams.,DarkDream Dark 60g
MintyFresh refresh mint 18grams,MintyFresh Mint 18g
ChocoDelight Dark 200g rich,ChocoDelight Dark 200g
ChocoDelight White 350g creamy,ChocoDelight White 350g
A delightful NuttyCream hazelnut flavored ice cream with a weight of 80 grams.,NuttyCream Hazelnuts 80g
A decadent DarkDream dark chocolate ice cream with a weight of 60 grams.,DarkDream Dark 60g
MintyFresh 18g refresh,MintyFresh Mint 18g
ChocoDelight Dark 200g rich,ChocoDelight Dark 200g
ChocoDelight White 350g creamy,ChocoDelight White 350g
80g NuttyCream flavor Hazelnuts,NuttyCream Hazelnuts 80g
A decadent DarkDream dark chocolate ice cream with a weight of 60 grams.,DarkDream Dark 60g
MintyFresh 18g refresh,MintyFresh Mint 18g
ChocoDelight Dark 200g rich,ChocoDelight Dark 200g
ChocoDelight White 350g creamy,ChocoDelight White 350g
A delightful NuttyCream hazelnut flavored ice cream with a weight of 80 grams.,NuttyCream Hazelnuts 80g
decadent Dark 60g DarkDream,DarkDream Dark 60g
A refreshing MintyFresh candy with a weight of 9gx2,MintyFresh Mint 18g
rich ChocoDelight 200g,ChocoDelight Dark 200g
350g ChocoDelight delicious,ChocoDelight Dark 350g
80g NuttyCream flavor Hazelnuts,NuttyCream Hazelnuts 80g
Dark DarkDream 60g decadent,DarkDream Dark 60g
MintyFresh refresh mint 18grams,MintyFresh Mint 18g
rich ChocoDelight 200g,ChocoDelight Dark 200g
A creamy and delicious ChocoDelight white chocolate bar weighing 350g(300g+50g),ChocoDelight White 350g
80g NuttyCream flavor Hazelnuts,NuttyCream Hazelnuts 80g
A decadent DarkDream dark chocolate ice cream with a weight of 60 grams.,DarkDream Dark 60g
A refreshing MintyFresh candy with a weight of 9gx2,MintyFresh Mint 18g
A rich and smooth ChocoDelight dark chocolate bar weighing (150+50) 200 grams.,ChocoDelight Dark 200g
creamy ChocoDelight 350g,ChocoDelight 350g
delightful Hazelnuts 80g NuttyCream,NuttyCream Hazelnuts 80g
A decadent DarkDream dark chocolate ice cream with a weight of 60 grams.,DarkDream Dark 60g
MintyFresh refresh mint 18grams,MintyFresh Mint 18g
rich ChocoDelight 200g,ChocoDelight Dark 200g
creamy ChocoDelight 350g,ChocoDelight 350g
Hazelnuts NuttyCream 80g  delightful,NuttyCream Hazelnuts 80g
A decadent DarkDream dark chocolate ice cream with a weight of 60 grams.,DarkDream Dark 60g
MintyFresh 18g refresh,MintyFresh Mint 18g
ChocoDelight Dark 200g rich,ChocoDelight Dark 200g
ChocoDelight White 350g creamy,ChocoDelight White 350g
A delightful NuttyCream hazelnut flavored ice cream with a weight of 80 grams.,NuttyCream Hazelnuts 80g
A decadent DarkDream dark chocolate ice cream with a weight of 60 grams.,DarkDream Dark 60g
MintyFresh 18g refresh,MintyFresh Mint 18g
200g ChocoDelight smooth,ChocoDelight Dark 200g
A creamy and delicious ChocoDelight white chocolate bar weighing 350g(300g+50g),ChocoDelight White 350g
delightful Hazelnuts 80g NuttyCream,NuttyCream Hazelnuts 80g
decadent Dark 60g DarkDream,DarkDream Dark 60g
MintyFresh refresh mint 18grams,MintyFresh Mint 18g
ChocoDelight Dark 200g rich,ChocoDelight Dark 200g
creamy ChocoDelight 350g,ChocoDelight 350g
A delightful NuttyCream hazelnut flavored ice cream with a weight of 80 grams.,NuttyCream Hazelnuts 80g
A decadent DarkDream dark chocolate ice cream with a weight of 60 grams.,DarkDream Dark 60g
18g MintyFresh ref,MintyFresh Mint 18g
rich ChocoDelight 200g,ChocoDelight Dark 200g
ChocoDelight White 350g creamy,ChocoDelight White 350g
delightful Hazelnuts 80g NuttyCream,NuttyCream Hazelnuts 80g
Dark DarkDream 60g decadent,DarkDream Dark 60g
MintyFresh 18g refresh,MintyFresh Mint 18g
ChocoDelight Dark 200g rich,ChocoDelight Dark 200g
350g ChocoDelight delicious,ChocoDelight Dark 350g
A delightful NuttyCream hazelnut flavored ice cream with a weight of 80 grams.,NuttyCream Hazelnuts 80g
decadent Dark 60g DarkDream,DarkDream Dark 60g
MintyFresh 18g refresh,MintyFresh Mint 18g
200g ChocoDelight smooth,ChocoDelight Dark 200g
A creamy and delicious ChocoDelight white chocolate bar weighing 350g(300g+50g),ChocoDelight White 350g
Hazelnuts NuttyCream 80g  delightful,NuttyCream Hazelnuts 80g
decadent Dark 60g DarkDream,DarkDream Dark 60g
18g MintyFresh ref,MintyFresh Mint 18g
200g ChocoDelight smooth,ChocoDelight Dark 200g
350g ChocoDelight delicious,ChocoDelight Dark 350g
Hazelnuts NuttyCream 80g  delightful,NuttyCream Hazelnuts 80g
60g Dark DarkDream,DarkDream Dark 60g
A refreshing MintyFresh candy with a weight of 9gx2,MintyFresh Mint 18g
200g ChocoDelight smooth,ChocoDelight Dark 200g
350g ChocoDelight delicious,ChocoDelight Dark 350g
80g NuttyCream flavor Hazelnuts,NuttyCream Hazelnuts 80g
A decadent DarkDream dark chocolate ice cream with a weight of 60 grams.,DarkDream Dark 60g
MintyFresh refresh mint 18grams,MintyFresh Mint 18g
ChocoDelight Dark 200g rich,ChocoDelight Dark 200g
350g ChocoDelight delicious,ChocoDelight Dark 350g
delightful Hazelnuts 80g NuttyCream,NuttyCream Hazelnuts 80g
60g Dark DarkDream,DarkDream Dark 60g
MintyFresh refresh mint 18grams,MintyFresh Mint 18g
ChocoDelight Dark 200g rich,ChocoDelight Dark 200g
350g ChocoDelight delicious,ChocoDelight Dark 350g
A delightful NuttyCream hazelnut flavored ice cream with a weight of 80 grams.,NuttyCream Hazelnuts 80g
decadent Dark 60g DarkDream,DarkDream Dark 60g
A refreshing MintyFresh candy with a weight of 9gx2,MintyFresh Mint 18g
A rich and smooth ChocoDelight dark chocolate bar weighing (150+50) 200 grams.,ChocoDelight Dark 200g
ChocoDelight White 350g creamy,ChocoDelight White 350g
delightful Hazelnuts 80g NuttyCream,NuttyCream Hazelnuts 80g
A decadent DarkDream dark chocolate ice cream with a weight of 60 grams.,DarkDream Dark 60g
MintyFresh refresh mint 18grams,MintyFresh Mint 18g
A rich and smooth ChocoDelight dark chocolate bar weighing (150+50) 200 grams.,ChocoDelight Dark 200g
A creamy and delicious ChocoDelight white chocolate bar weighing 350g(300g+50g),ChocoDelight White 350g
A delightful NuttyCream hazelnut flavored ice cream with a weight of 80 grams.,NuttyCream Hazelnuts 80g
60g Dark DarkDream,DarkDream Dark 60g
A refreshing MintyFresh candy with a weight of 9gx2,MintyFresh Mint 18g
ChocoDelight Dark 200g rich,ChocoDelight Dark 200g
350g ChocoDelight delicious,ChocoDelight Dark 350g
Hazelnuts NuttyCream 80g  delightful,NuttyCream Hazelnuts 80g
decadent Dark 60g DarkDream,DarkDream Dark 60g
MintyFresh 18g refresh,MintyFresh Mint 18g
rich ChocoDelight 200g,ChocoDelight Dark 200g
creamy ChocoDelight 350g,ChocoDelight 350g
Hazelnuts NuttyCream 80g  delightful,NuttyCream Hazelnuts 80g
Dark DarkDream 60g decadent,DarkDream Dark 60g
A refreshing MintyFresh candy with a weight of 9gx2,MintyFresh Mint 18g
A rich and smooth ChocoDelight dark chocolate bar weighing (150+50) 200 grams.,ChocoDelight Dark 200g
350g ChocoDelight delicious,ChocoDelight Dark 350g
delightful Hazelnuts 80g NuttyCream,NuttyCream Hazelnuts 80g
60g Dark DarkDream,DarkDream Dark 60g
A refreshing MintyFresh candy with a weight of 9gx2,MintyFresh Mint 18g
ChocoDelight Dark 200g rich,ChocoDelight Dark 200g
A creamy and delicious ChocoDelight white chocolate bar weighing 350g(300g+50g),ChocoDelight White 350g
delightful Hazelnuts 80g NuttyCream,NuttyCream Hazelnuts 80g
Dark DarkDream 60g decadent,DarkDream Dark 60g
A refreshing MintyFresh candy with a weight of 9gx2,MintyFresh Mint 18g
rich ChocoDelight 200g,ChocoDelight Dark 200g
350g ChocoDelight delicious,ChocoDelight Dark 350g
Hazelnuts NuttyCream 80g  delightful,NuttyCream Hazelnuts 80g
60g Dark DarkDream,DarkDream Dark 60g
A refreshing MintyFresh candy with a weight of 9gx2,MintyFresh Mint 18g
200g ChocoDelight smooth,ChocoDelight Dark 200g
350g ChocoDelight delicious,ChocoDelight Dark 350g
Hazelnuts NuttyCream 80g  delightful,NuttyCream Hazelnuts 80g
Dark DarkDream 60g decadent,DarkDream Dark 60g
MintyFresh refresh mint 18grams,MintyFresh Mint 18g
A rich and smooth ChocoDelight dark chocolate bar weighing (150+50) 200 grams.,ChocoDelight Dark 200g
350g ChocoDelight delicious,ChocoDelight Dark 350g
80g NuttyCream flavor Hazelnuts,NuttyCream Hazelnuts 80g
decadent Dark 60g DarkDream,DarkDream Dark 60g
MintyFresh 18g refresh,MintyFresh Mint 18g
200g ChocoDelight smooth,ChocoDelight Dark 200g
ChocoDelight White 350g creamy,ChocoDelight White 350g
80g NuttyCream flavor Hazelnuts,NuttyCream Hazelnuts 80g
A decadent DarkDream dark chocolate ice cream with a weight of 60 grams.,DarkDream Dark 60g
A refreshing MintyFresh candy with a weight of 9gx2,MintyFresh Mint 18g
rich ChocoDelight 200g,ChocoDelight Dark 200g
creamy ChocoDelight 350g,ChocoDelight 350g
A delightful NuttyCream hazelnut flavored ice cream with a weight of 80 grams.,NuttyCream Hazelnuts 80g
decadent Dark 60g DarkDream,DarkDream Dark 60g
18g MintyFresh ref,MintyFresh Mint 18g
rich ChocoDelight 200g,ChocoDelight Dark 200g
creamy ChocoDelight 350g,ChocoDelight 350g
Hazelnuts NuttyCream 80g  delightful,NuttyCream Hazelnuts 80g
Dark DarkDream 60g decadent,DarkDream Dark 60g
A refreshing MintyFresh candy with a weight of 9gx2,MintyFresh Mint 18g
ChocoDelight Dark 200g rich,ChocoDelight Dark 200g
350g ChocoDelight delicious,ChocoDelight Dark 350g
Hazelnuts NuttyCream 80g  delightful,NuttyCream Hazelnuts 80g
decadent Dark 60g DarkDream,DarkDream Dark 60g
18g MintyFresh ref,MintyFresh Mint 18g
ChocoDelight Dark 200g rich,ChocoDelight Dark 200g
350g ChocoDelight delicious,ChocoDelight Dark 350g
80g NuttyCream flavor Hazelnuts,NuttyCream Hazelnuts 80g
A decadent DarkDream dark chocolate ice cream with a weight of 60 grams.,DarkDream Dark 60g
18g MintyFresh ref,MintyFresh Mint 18g
rich ChocoDelight 200g,ChocoDelight Dark 200g
creamy ChocoDelight 350g,ChocoDelight 350g
delightful Hazelnuts 80g NuttyCream,NuttyCream Hazelnuts 80g
60g Dark DarkDream,DarkDream Dark 60g
MintyFresh refresh mint 18grams,MintyFresh Mint 18g
ChocoDelight Dark 200g rich,ChocoDelight Dark 200g
A creamy and delicious ChocoDelight white chocolate bar weighing 350g(300g+50g),ChocoDelight White 350g
A delightful NuttyCream hazelnut flavored ice cream with a weight of 80 grams.,NuttyCream Hazelnuts 80g
decadent Dark 60g DarkDream,DarkDream Dark 60g
MintyFresh 18g refresh,MintyFresh Mint 18g
200g ChocoDelight smooth,ChocoDelight Dark 200g
350g ChocoDelight delicious,ChocoDelight Dark 350g
Hazelnuts NuttyCream 80g  delightful,NuttyCream Hazelnuts 80g
decadent Dark 60g DarkDream,DarkDream Dark 60g
A refreshing MintyFresh candy with a weight of 9gx2,MintyFresh Mint 18g
rich ChocoDelight 200g,ChocoDelight Dark 200g
A creamy and delicious ChocoDelight white chocolate bar weighing 350g(300g+50g),ChocoDelight White 350g
Hazelnuts NuttyCream 80g  delightful,NuttyCream Hazelnuts 80g
decadent Dark 60g DarkDream,DarkDream Dark 60g
MintyFresh 18g refresh,MintyFresh Mint 18g
A rich and smooth ChocoDelight dark chocolate bar weighing (150+50) 200 grams.,ChocoDelight Dark 200g
ChocoDelight White 350g creamy,ChocoDelight White 350g
Hazelnuts NuttyCream 80g  delightful,NuttyCream Hazelnuts 80g
decadent Dark 60g DarkDream,DarkDream Dark 60g
18g MintyFresh ref,MintyFresh Mint 18g
200g ChocoDelight smooth,ChocoDelight Dark 200g
ChocoDelight White 350g creamy,ChocoDelight White 350g
Hazelnuts NuttyCream 80g  delightful,NuttyCream Hazelnuts 80g
A decadent DarkDream dark chocolate ice cream with a weight of 60 grams.,DarkDream Dark 60g
MintyFresh refresh mint 18grams,MintyFresh Mint 18g
ChocoDelight Dark 200g rich,ChocoDelight Dark 200g
A creamy and delicious ChocoDelight white chocolate bar weighing 350g(300g+50g),ChocoDelight White 350g
80g NuttyCream flavor Hazelnuts,NuttyCream Hazelnuts 80g
A decadent DarkDream dark chocolate ice cream with a weight of 60 grams.,DarkDream Dark 60g
MintyFresh refresh mint 18grams,MintyFresh Mint 18g
A rich and smooth ChocoDelight dark chocolate bar weighing (150+50) 200 grams.,ChocoDelight Dark 200g
creamy ChocoDelight 350g,ChocoDelight 350g
80g NuttyCream flavor Hazelnuts,NuttyCream Hazelnuts 80g
decadent Dark 60g DarkDream,DarkDream Dark 60g
MintyFresh refresh mint 18grams,MintyFresh Mint 18g
200g ChocoDelight smooth,ChocoDelight Dark 200g
A creamy and delicious ChocoDelight white chocolate bar weighing 350g(300g+50g),ChocoDelight White 350g
80g NuttyCream flavor Hazelnuts,NuttyCream Hazelnuts 80g
A decadent DarkDream dark chocolate ice cream with a weight of 60 grams.,DarkDream Dark 60g
MintyFresh 18g refresh,MintyFresh Mint 18g
A rich and smooth ChocoDelight dark chocolate bar weighing (150+50) 200 grams.,ChocoDelight Dark 200g
A creamy and delicious ChocoDelight white chocolate bar weighing 350g(300g+50g),ChocoDelight White 350g
delightful Hazelnuts 80g NuttyCream,NuttyCream Hazelnuts 80g
decadent Dark 60g DarkDream,DarkDream Dark 60g
18g MintyFresh ref,MintyFresh Mint 18g
rich ChocoDelight 200g,ChocoDelight Dark 200g
ChocoDelight White 350g creamy,ChocoDelight White 350g
Hazelnuts NuttyCream 80g  delightful,NuttyCream Hazelnuts 80g
Dark DarkDream 60g decadent,DarkDream Dark 60g
A refreshing MintyFresh candy with a weight of 9gx2,MintyFresh Mint 18g
rich ChocoDelight 200g,ChocoDelight Dark 200g
creamy ChocoDelight 350g,ChocoDelight 350g
A delightful NuttyCream hazelnut flavored ice cream with a weight of 80 grams.,NuttyCream Hazelnuts 80g
60g Dark DarkDream,DarkDream Dark 60g
A refreshing MintyFresh candy with a weight of 9gx2,MintyFresh Mint 18g
rich ChocoDelight 200g,ChocoDelight Dark 200g
A creamy and delicious ChocoDelight white chocolate bar weighing 350g(300g+50g),ChocoDelight White 350g
A delightful NuttyCream hazelnut flavored ice cream with a weight of 80 grams.,NuttyCream Hazelnuts 80g
Dark DarkDream 60g decadent,DarkDream Dark 60g
MintyFresh 18g refresh,MintyFresh Mint 18g
A rich and smooth ChocoDelight dark chocolate bar weighing (150+50) 200 grams.,ChocoDelight Dark 200g
creamy ChocoDelight 350g,ChocoDelight 350g
delightful Hazelnuts 80g NuttyCream,NuttyCream Hazelnuts 80g
60g Dark DarkDream,DarkDream Dark 60g
18g MintyFresh ref,MintyFresh Mint 18g
ChocoDelight Dark 200g rich,ChocoDelight Dark 200g
creamy ChocoDelight 350g,ChocoDelight 350g
Hazelnuts NuttyCream 80g  delightful,NuttyCream Hazelnuts 80g
Dark DarkDream 60g decadent,DarkDream Dark 60g
MintyFresh 18g refresh,MintyFresh Mint 18g
rich ChocoDelight 200g,ChocoDelight Dark 200g
350g ChocoDelight delicious,ChocoDelight Dark 350g
delightful Hazelnuts 80g NuttyCream,NuttyCream Hazelnuts 80g
60g Dark DarkDream,DarkDream Dark 60g
MintyFresh refresh mint 18grams,MintyFresh Mint 18g
ChocoDelight Dark 200g rich,ChocoDelight Dark 200g
ChocoDelight White 350g creamy,ChocoDelight White 350g
delightful Hazelnuts 80g NuttyCream,NuttyCream Hazelnuts 80g
Dark DarkDream 60g decadent,DarkDream Dark 60g
MintyFresh refresh mint 18grams,MintyFresh Mint 18g
rich ChocoDelight 200g,ChocoDelight Dark 200g
350g ChocoDelight delicious,ChocoDelight Dark 350g
delightful Hazelnuts 80g NuttyCream,NuttyCream Hazelnuts 80g
60g Dark DarkDream,DarkDream Dark 60g
MintyFresh 18g refresh,MintyFresh Mint 18g
A rich and smooth ChocoDelight dark chocolate bar weighing (150+50) 200 grams.,ChocoDelight Dark 200g
ChocoDelight White 350g creamy,ChocoDelight White 350g
A delightful NuttyCream hazelnut flavored ice cream with a weight of 80 grams.,NuttyCream Hazelnuts 80g
60g Dark DarkDream,DarkDream Dark 60g
MintyFresh refresh mint 18grams,MintyFresh Mint 18g
A rich and smooth ChocoDelight dark chocolate bar weighing (150+50) 200 grams.,ChocoDelight Dark 200g
creamy ChocoDelight 350g,ChocoDelight 350g
delightful Hazelnuts 80g NuttyCream,NuttyCream Hazelnuts 80g
60g Dark DarkDream,DarkDream Dark 60g
18g MintyFresh ref,MintyFresh Mint 18g
rich ChocoDelight 200g,ChocoDelight Dark 200g
creamy ChocoDelight 350g,ChocoDelight 350g
delightful Hazelnuts 80g NuttyCream,NuttyCream Hazelnuts 80g
Dark DarkDream 60g decadent,DarkDream Dark 60g
18g MintyFresh ref,MintyFresh Mint 18g
200g ChocoDelight smooth,ChocoDelight Dark 200g
ChocoDelight White 350g creamy,ChocoDelight White 350g
delightful Hazelnuts 80g NuttyCream,NuttyCream Hazelnuts 80g
Dark DarkDream 60g decadent,DarkDream Dark 60g
18g MintyFresh ref,MintyFresh Mint 18g
A rich and smooth ChocoDelight dark chocolate bar weighing (150+50) 200 grams.,ChocoDelight Dark 200g
350g ChocoDelight delicious,ChocoDelight Dark 350g
delightful Hazelnuts 80g NuttyCream,NuttyCream Hazelnuts 80g
decadent Dark 60g DarkDream,DarkDream Dark 60g
A refreshing MintyFresh candy with a weight of 9gx2,MintyFresh Mint 18g
A rich and smooth ChocoDelight dark chocolate bar weighing (150+50) 200 grams.,ChocoDelight Dark 200g
creamy ChocoDelight 350g,ChocoDelight 350g
80g NuttyCream flavor Hazelnuts,NuttyCream Hazelnuts 80g
Dark DarkDream 60g decadent,DarkDream Dark 60g
18g MintyFresh ref,MintyFresh Mint 18g
200g ChocoDelight smooth,ChocoDelight Dark 200g
ChocoDelight White 350g creamy,ChocoDelight White 350g
A delightful NuttyCream hazelnut flavored ice cream with a weight of 80 grams.,NuttyCream Hazelnuts 80g
A decadent DarkDream dark chocolate ice cream with a weight of 60 grams.,DarkDream Dark 60g
MintyFresh refresh mint 18grams,MintyFresh Mint 18g
A rich and smooth ChocoDelight dark chocolate bar weighing (150+50) 200 grams.,ChocoDelight Dark 200g
creamy ChocoDelight 350g,ChocoDelight 350g
Hazelnuts NuttyCream 80g  delightful,NuttyCream Hazelnuts 80g
decadent Dark 60g DarkDream,DarkDream Dark 60g
MintyFresh refresh mint 18grams,MintyFresh Mint 18g
200g ChocoDelight smooth,ChocoDelight Dark 200g
A creamy and delicious ChocoDelight white chocolate bar weighing 350g(300g+50g),ChocoDelight White 350g
delightful Hazelnuts 80g NuttyCream,NuttyCream Hazelnuts 80g
decadent Dark 60g DarkDream,DarkDream Dark 60g
A refreshing MintyFresh candy with a weight of 9gx2,MintyFresh Mint 18g
200g ChocoDelight smooth,ChocoDelight Dark 200g
350g ChocoDelight delicious,ChocoDelight Dark 350g
80g NuttyCream flavor Hazelnuts,NuttyCream Hazelnuts 80g
A decadent DarkDream dark chocolate ice cream with a weight of 60 grams.,DarkDream Dark 60g
MintyFresh 18g refresh,MintyFresh Mint 18g
A rich and smooth ChocoDelight dark chocolate bar weighing (150+50) 200 grams.,ChocoDelight Dark 200g
ChocoDelight White 350g creamy,ChocoDelight White 350g
delightful Hazelnuts 80g NuttyCream,NuttyCream Hazelnuts 80g
60g Dark DarkDream,DarkDream Dark 60g
MintyFresh refresh mint 18grams,MintyFresh Mint 18g
200g ChocoDelight smooth,ChocoDelight Dark 200g
350g ChocoDelight delicious,ChocoDelight Dark 350g
A delightful NuttyCream hazelnut flavored ice cream with a weight of 80 grams.,NuttyCream Hazelnuts 80g
A decadent DarkDream dark chocolate ice cream with a weight of 60 grams.,DarkDream Dark 60g
18g MintyFresh ref,MintyFresh Mint 18g
A rich and smooth ChocoDelight dark chocolate bar weighing (150+50) 200 grams.,ChocoDelight Dark 200g
350g ChocoDelight delicious,ChocoDelight Dark 350g
delightful Hazelnuts 80g NuttyCream,NuttyCream Hazelnuts 80g
decadent Dark 60g DarkDream,DarkDream Dark 60g
18g MintyFresh ref,MintyFresh Mint 18g
200g ChocoDelight smooth,ChocoDelight Dark 200g
A creamy and delicious ChocoDelight white chocolate bar weighing 350g(300g+50g),ChocoDelight White 350g
A delightful NuttyCream hazelnut flavored ice cream with a weight of 80 grams.,NuttyCream Hazelnuts 80g
60g Dark DarkDream,DarkDream Dark 60g
MintyFresh 18g refresh,MintyFresh Mint 18g
A rich and smooth ChocoDelight dark chocolate bar weighing (150+50) 200 grams.,ChocoDelight Dark 200g
A creamy and delicious ChocoDelight white chocolate bar weighing 350g(300g+50g),ChocoDelight White 350g
A delightful NuttyCream hazelnut flavored ice cream with a weight of 80 grams.,NuttyCream Hazelnuts 80g
Dark DarkDream 60g decadent,DarkDream Dark 60g
MintyFresh refresh mint 18grams,MintyFresh Mint 18g
ChocoDelight Dark 200g rich,ChocoDelight Dark 200g
ChocoDelight White 350g creamy,ChocoDelight White 350g
80g NuttyCream flavor Hazelnuts,NuttyCream Hazelnuts 80g
Dark DarkDream 60g decadent,DarkDream Dark 60g
18g MintyFresh ref,MintyFresh Mint 18g
ChocoDelight Dark 200g rich,ChocoDelight Dark 200g
ChocoDelight White 350g creamy,ChocoDelight White 350g
Hazelnuts NuttyCream 80g  delightful,NuttyCream Hazelnuts 80g
decadent Dark 60g DarkDream,DarkDream Dark 60g
18g MintyFresh ref,MintyFresh Mint 18g
ChocoDelight Dark 200g rich,ChocoDelight Dark 200g
350g ChocoDelight delicious,ChocoDelight Dark 350g
delightful Hazelnuts 80g NuttyCream,NuttyCream Hazelnuts 80g
60g Dark DarkDream,DarkDream Dark 60g
MintyFresh refresh mint 18grams,MintyFresh Mint 18g
rich ChocoDelight 200g,ChocoDelight Dark 200g
creamy ChocoDelight 350g,ChocoDelight 350g
Hazelnuts NuttyCream 80g  delightful,NuttyCream Hazelnuts 80g
decadent Dark 60g DarkDream,DarkDream Dark 60g
MintyFresh 18g refresh,MintyFresh Mint 18g
A rich and smooth ChocoDelight dark chocolate bar weighing (150+50) 200 grams.,ChocoDelight Dark 200g
350g ChocoDelight delicious,ChocoDelight Dark 350g
delightful Hazelnuts 80g NuttyCream,NuttyCream Hazelnuts 80g
decadent Dark 60g DarkDream,DarkDream Dark 60g
A refreshing MintyFresh candy with a weight of 9gx2,MintyFresh Mint 18g
A rich and smooth ChocoDelight dark chocolate bar weighing (150+50) 200 grams.,ChocoDelight Dark 200g
creamy ChocoDelight 350g,ChocoDelight 350g
Hazelnuts NuttyCream 80g  delightful,NuttyCream Hazelnuts 80g
Dark DarkDream 60g decadent,DarkDream Dark 60g
A refreshing MintyFresh candy with a weight of 9gx2,MintyFresh Mint 18g
ChocoDelight Dark 200g rich,ChocoDelight Dark 200g
creamy ChocoDelight 350g,ChocoDelight 350g
Hazelnuts NuttyCream 80g  delightful,NuttyCream Hazelnuts 80g
decadent Dark 60g DarkDream,DarkDream Dark 60g
MintyFresh refresh mint 18grams,MintyFresh Mint 18g
rich ChocoDelight 200g,ChocoDelight Dark 200g
ChocoDelight White 350g creamy,ChocoDelight White 350g
A delightful NuttyCream hazelnut flavored ice cream with a weight of 80 grams.,NuttyCream Hazelnuts 80g
decadent Dark 60g DarkDream,DarkDream Dark 60g
A refreshing MintyFresh candy with a weight of 9gx2,MintyFresh Mint 18g
ChocoDelight Dark 200g rich,ChocoDelight Dark 200g
ChocoDelight White 350g creamy,ChocoDelight White 350g
A delightful NuttyCream hazelnut flavored ice cream with a weight of 80 grams.,NuttyCream Hazelnuts 80g
A decadent DarkDream dark chocolate ice cream with a weight of 60 grams.,DarkDream Dark 60g
MintyFresh refresh mint 18grams,MintyFresh Mint 18g
200g ChocoDelight smooth,ChocoDelight Dark 200g
350g ChocoDelight delicious,ChocoDelight Dark 350g
delightful Hazelnuts 80g NuttyCream,NuttyCream Hazelnuts 80g
decadent Dark 60g DarkDream,DarkDream Dark 60g
18g MintyFresh ref,MintyFresh Mint 18g
rich ChocoDelight 200g,ChocoDelight Dark 200g
ChocoDelight White 350g creamy,ChocoDelight White 350g
80g NuttyCream flavor Hazelnuts,NuttyCream Hazelnuts 80g
60g Dark DarkDream,DarkDream Dark 60g
A refreshing MintyFresh candy with a weight of 9gx2,MintyFresh Mint 18g
200g ChocoDelight smooth,ChocoDelight Dark 200g
ChocoDelight White 350g creamy,ChocoDelight White 350g
delightful Hazelnuts 80g NuttyCream,NuttyCream Hazelnuts 80g
60g Dark DarkDream,DarkDream Dark 60g
A refreshing MintyFresh candy with a weight of 9gx2,MintyFresh Mint 18g
ChocoDelight Dark 200g rich,ChocoDelight Dark 200g
creamy ChocoDelight 350g,ChocoDelight 350g
Hazelnuts NuttyCream 80g  delightful,NuttyCream Hazelnuts 80g
Dark DarkDream 60g decadent,DarkDream Dark 60g
18g MintyFresh ref,MintyFresh Mint 18g
ChocoDelight Dark 200g rich,ChocoDelight Dark 200g
ChocoDelight White 350g creamy,ChocoDelight White 350g
80g NuttyCream flavor Hazelnuts,NuttyCream Hazelnuts 80g
A decadent DarkDream dark chocolate ice cream with a weight of 60 grams.,DarkDream Dark 60g
18g MintyFresh ref,MintyFresh Mint 18g
rich ChocoDelight 200g,ChocoDelight Dark 200g
ChocoDelight White 350g creamy,ChocoDelight White 350g
80g NuttyCream flavor Hazelnuts,NuttyCream Hazelnuts 80g
decadent Dark 60g DarkDream,DarkDream Dark 60g
18g MintyFresh ref,MintyFresh Mint 18g
200g ChocoDelight smooth,ChocoDelight Dark 200g
creamy ChocoDelight 350g,ChocoDelight 350g
A delightful NuttyCream hazelnut flavored ice cream with a weight of 80 grams.,NuttyCream Hazelnuts 80g
decadent Dark 60g DarkDream,DarkDream Dark 60g
MintyFresh refresh mint 18grams,MintyFresh Mint 18g
200g ChocoDelight smooth,ChocoDelight Dark 200g
350g ChocoDelight delicious,ChocoDelight Dark 350g
delightful Hazelnuts 80g NuttyCream,NuttyCream Hazelnuts 80g
Dark DarkDream 60g decadent,DarkDream Dark 60g
18g MintyFresh ref,MintyFresh Mint 18g
200g ChocoDelight smooth,ChocoDelight Dark 200g
350g ChocoDelight delicious,ChocoDelight Dark 350g
delightful Hazelnuts 80g NuttyCream,NuttyCream Hazelnuts 80g
60g Dark DarkDream,DarkDream Dark 60g
18g MintyFresh ref,MintyFresh Mint 18g
rich ChocoDelight 200g,ChocoDelight Dark 200g
creamy ChocoDelight 350g,ChocoDelight 350g
80g NuttyCream flavor Hazelnuts,NuttyCream Hazelnuts 80g
60g Dark DarkDream,DarkDream Dark 60g
A refreshing MintyFresh candy with a weight of 9gx2,MintyFresh Mint 18g
A rich and smooth ChocoDelight dark chocolate bar weighing (150+50) 200 grams.,ChocoDelight Dark 200g
ChocoDelight White 350g creamy,ChocoDelight White 350g
delightful Hazelnuts 80g NuttyCream,NuttyCream Hazelnuts 80g
decadent Dark 60g DarkDream,DarkDream Dark 60g
MintyFresh refresh mint 18grams,MintyFresh Mint 18g
200g ChocoDelight smooth,ChocoDelight Dark 200g
350g ChocoDelight delicious,ChocoDelight Dark 350g
delightful Hazelnuts 80g NuttyCream,NuttyCream Hazelnuts 80g
A decadent DarkDream dark chocolate ice cream with a weight of 60 grams.,DarkDream Dark 60g
18g MintyFresh ref,MintyFresh Mint 18g
A rich and smooth ChocoDelight dark chocolate bar weighing (150+50) 200 grams.,ChocoDelight Dark 200g
350g ChocoDelight delicious,ChocoDelight Dark 350g
delightful Hazelnuts 80g NuttyCream,NuttyCream Hazelnuts 80g
A decadent DarkDream dark chocolate ice cream with a weight of 60 grams.,DarkDream Dark 60g
18g MintyFresh ref,MintyFresh Mint 18g
rich ChocoDelight 200g,ChocoDelight Dark 200g
A creamy and delicious ChocoDelight white chocolate bar weighing 350g(300g+50g),ChocoDelight White 350g
80g NuttyCream flavor Hazelnuts,NuttyCream Hazelnuts 80g
decadent Dark 60g DarkDream,DarkDream Dark 60g
18g MintyFresh ref,MintyFresh Mint 18g
A rich and smooth ChocoDelight dark chocolate bar weighing (150+50) 200 grams.,ChocoDelight Dark 200g
A creamy and delicious ChocoDelight white chocolate bar weighing 350g(300g+50g),ChocoDelight White 350g
Hazelnuts NuttyCream 80g  delightful,NuttyCream Hazelnuts 80g
Dark DarkDream 60g decadent,DarkDream Dark 60g
MintyFresh 18g refresh,MintyFresh Mint 18g
A rich and smooth ChocoDelight dark chocolate bar weighing (150+50) 200 grams.,ChocoDelight Dark 200g
ChocoDelight White 350g creamy,ChocoDelight White 350g
A delightful NuttyCream hazelnut flavored ice cream with a weight of 80 grams.,NuttyCream Hazelnuts 80g
decadent Dark 60g DarkDream,DarkDream Dark 60g
18g MintyFresh ref,MintyFresh Mint 18g
ChocoDelight Dark 200g rich,ChocoDelight Dark 200g
ChocoDelight White 350g creamy,ChocoDelight White 350g
80g NuttyCream flavor Hazelnuts,NuttyCream Hazelnuts 80g
Dark DarkDream 60g decadent,DarkDream Dark 60g
A refreshing MintyFresh candy with a weight of 9gx2,MintyFresh Mint 18g
200g ChocoDelight smooth,ChocoDelight Dark 200g
350g ChocoDelight delicious,ChocoDelight Dark 350g
A delightful NuttyCream hazelnut flavored ice cream with a weight of 80 grams.,NuttyCream Hazelnuts 80g
decadent Dark 60g DarkDream,DarkDream Dark 60g
MintyFresh refresh mint 18grams,MintyFresh Mint 18g
ChocoDelight Dark 200g rich,ChocoDelight Dark 200g
350g ChocoDelight delicious,ChocoDelight Dark 350g
80g NuttyCream flavor Hazelnuts,NuttyCream Hazelnuts 80g
A decadent DarkDream dark chocolate ice cream with a weight of 60 grams.,DarkDream Dark 60g
MintyFresh 18g refresh,MintyFresh Mint 18g
200g ChocoDelight smooth,ChocoDelight Dark 200g
ChocoDelight White 350g creamy,ChocoDelight White 350g
80g NuttyCream flavor Hazelnuts,NuttyCream Hazelnuts 80g
60g Dark DarkDream,DarkDream Dark 60g
A refreshing MintyFresh candy with a weight of 9gx2,MintyFresh Mint 18g
A rich and smooth ChocoDelight dark chocolate bar weighing (150+50) 200 grams.,ChocoDelight Dark 200g
creamy ChocoDelight 350g,ChocoDelight 350g
Hazelnuts NuttyCream 80g  delightful,NuttyCream Hazelnuts 80g
60g Dark DarkDream,DarkDream Dark 60g
MintyFresh 18g refresh,MintyFresh Mint 18g
ChocoDelight Dark 200g rich,ChocoDelight Dark 200g
creamy ChocoDelight 350g,ChocoDelight 350g
Hazelnuts NuttyCream 80g  delightful,NuttyCream Hazelnuts 80g
A decadent DarkDream dark chocolate ice cream with a weight of 60 grams.,DarkDream Dark 60g
A refreshing MintyFresh candy with a weight of 9gx2,MintyFresh Mint 18g
ChocoDelight Dark 200g rich,ChocoDelight Dark 200g
creamy ChocoDelight 350g,ChocoDelight 350g
A delightful NuttyCream hazelnut flavored ice cream with a weight of 80 grams.,NuttyCream Hazelnuts 80g
decadent Dark 60g DarkDream,DarkDream Dark 60g
18g MintyFresh ref,MintyFresh Mint 18g
200g ChocoDelight smooth,ChocoDelight Dark 200g
350g ChocoDelight delicious,ChocoDelight Dark 350g
A delightful NuttyCream hazelnut flavored ice cream with a weight of 80 grams.,NuttyCream Hazelnuts 80g
A decadent DarkDream dark chocolate ice cream with a weight of 60 grams.,DarkDream Dark 60g
MintyFresh refresh mint 18grams,MintyFresh Mint 18g
200g ChocoDelight smooth,ChocoDelight Dark 200g
ChocoDelight White 350g creamy,ChocoDelight White 350g
A delightful NuttyCream hazelnut flavored ice cream with a weight of 80 grams.,NuttyCream Hazelnuts 80g
decadent Dark 60g DarkDream,DarkDream Dark 60g
18g MintyFresh ref,MintyFresh Mint 18g
rich ChocoDelight 200g,ChocoDelight Dark 200g
350g ChocoDelight delicious,ChocoDelight Dark 350g
A delightful NuttyCream hazelnut flavored ice cream with a weight of 80 grams.,NuttyCream Hazelnuts 80g
60g Dark DarkDream,DarkDream Dark 60g
A refreshing MintyFresh candy with a weight of 9gx2,MintyFresh Mint 18g
200g ChocoDelight smooth,ChocoDelight Dark 200g
creamy ChocoDelight 350g,ChocoDelight 350g
A delightful NuttyCream hazelnut flavored ice cream with a weight of 80 grams.,NuttyCream Hazelnuts 80g
60g Dark DarkDream,DarkDream Dark 60g
MintyFresh 18g refresh,MintyFresh Mint 18g
ChocoDelight Dark 200g rich,ChocoDelight Dark 200g
A creamy and delicious ChocoDelight white chocolate bar weighing 350g(300g+50g),ChocoDelight White 350g
80g NuttyCream flavor Hazelnuts,NuttyCream Hazelnuts 80g
decadent Dark 60g DarkDream,DarkDream Dark 60g
18g MintyFresh ref,MintyFresh Mint 18g
rich ChocoDelight 200g,ChocoDelight Dark 200g
350g ChocoDelight delicious,ChocoDelight Dark 350g
80g NuttyCream flavor Hazelnuts,NuttyCream Hazelnuts 80g
decadent Dark 60g DarkDream,DarkDream Dark 60g
MintyFresh refresh mint 18grams,MintyFresh Mint 18g
rich ChocoDelight 200g,ChocoDelight Dark 200g
A creamy and delicious ChocoDelight white chocolate bar weighing 350g(300g+50g),ChocoDelight White 350g
delightful Hazelnuts 80g NuttyCream,NuttyCream Hazelnuts 80g
Dark DarkDream 60g decadent,DarkDream Dark 60g
MintyFresh 18g refresh,MintyFresh Mint 18g
rich ChocoDelight 200g,ChocoDelight Dark 200g
350g ChocoDelight delicious,ChocoDelight Dark 350g
Hazelnuts NuttyCream 80g  delightful,NuttyCream Hazelnuts 80g
A decadent DarkDream dark chocolate ice cream with a weight of 60 grams.,DarkDream Dark 60g
MintyFresh 18g refresh,MintyFresh Mint 18g
ChocoDelight Dark 200g rich,ChocoDelight Dark 200g
ChocoDelight White 350g creamy,ChocoDelight White 350g
Hazelnuts NuttyCream 80g  delightful,NuttyCream Hazelnuts 80g
A decadent DarkDream dark chocolate ice cream with a weight of 60 grams.,DarkDream Dark 60g
MintyFresh 18g refresh,MintyFresh Mint 18g
A rich and smooth ChocoDelight dark chocolate bar weighing (150+50) 200 grams.,ChocoDelight Dark 200g
ChocoDelight White 350g creamy,ChocoDelight White 350g
80g NuttyCream flavor Hazelnuts,NuttyCream Hazelnuts 80g
Dark DarkDream 60g decadent,DarkDream Dark 60g
A refreshing MintyFresh candy with a weight of 9gx2,MintyFresh Mint 18g
200g ChocoDelight smooth,ChocoDelight Dark 200g
350g ChocoDelight delicious,ChocoDelight Dark 350g
Hazelnuts NuttyCream 80g  delightful,NuttyCream Hazelnuts 80g
decadent Dark 60g DarkDream,DarkDream Dark 60g
MintyFresh refresh mint 18grams,MintyFresh Mint 18g
rich ChocoDelight 200g,ChocoDelight Dark 200g
350g ChocoDelight delicious,ChocoDelight Dark 350g
delightful Hazelnuts 80g NuttyCream,NuttyCream Hazelnuts 80g
60g Dark DarkDream,DarkDream Dark 60g
A refreshing MintyFresh candy with a weight of 9gx2,MintyFresh Mint 18g
200g ChocoDelight smooth,ChocoDelight Dark 200g
ChocoDelight White 350g creamy,ChocoDelight White 350g
A delightful NuttyCream hazelnut flavored ice cream with a weight of 80 grams.,NuttyCream Hazelnuts 80g
decadent Dark 60g DarkDream,DarkDream Dark 60g
A refreshing MintyFresh candy with a weight of 9gx2,MintyFresh Mint 18g
rich ChocoDelight 200g,ChocoDelight Dark 200g
ChocoDelight White 350g creamy,ChocoDelight White 350g
Hazelnuts NuttyCream 80g  delightful,NuttyCream Hazelnuts 80g
60g Dark DarkDream,DarkDream Dark 60g
MintyFresh 18g refresh,MintyFresh Mint 18g
A rich and smooth ChocoDelight dark chocolate bar weighing (150+50) 200 grams.,ChocoDelight Dark 200g
350g ChocoDelight delicious,ChocoDelight Dark 350g
A delightful NuttyCream hazelnut flavored ice cream with a weight of 80 grams.,NuttyCream Hazelnuts 80g
60g Dark DarkDream,DarkDream Dark 60g
A refreshing MintyFresh candy with a weight of 9gx2,MintyFresh Mint 18g
A rich and smooth ChocoDelight dark chocolate bar weighing (150+50) 200 grams.,ChocoDelight Dark 200g
creamy ChocoDelight 350g,ChocoDelight 350g
80g NuttyCream flavor Hazelnuts,NuttyCream Hazelnuts 80g
A decadent DarkDream dark chocolate ice cream with a weight of 60 grams.,DarkDream Dark 60g
18g MintyFresh ref,MintyFresh Mint 18g
A rich and smooth ChocoDelight dark chocolate bar weighing (150+50) 200 grams.,ChocoDelight Dark 200g
creamy ChocoDelight 350g,ChocoDelight 350g
80g NuttyCream flavor Hazelnuts,NuttyCream Hazelnuts 80g
Dark DarkDream 60g decadent,DarkDream Dark 60g
18g MintyFresh ref,MintyFresh Mint 18g
A rich and smooth ChocoDelight dark chocolate bar weighing (150+50) 200 grams.,ChocoDelight Dark 200g
creamy ChocoDelight 350g,ChocoDelight 350g
A delightful NuttyCream hazelnut flavored ice cream with a weight of 80 grams.,NuttyCream Hazelnuts 80g
60g Dark DarkDream,DarkDream Dark 60g
A refreshing MintyFresh candy with a weight of 9gx2,MintyFresh Mint 18g
ChocoDelight Dark 200g rich,ChocoDelight Dark 200g
350g ChocoDelight delicious,ChocoDelight Dark 350g
80g NuttyCream flavor Hazelnuts,NuttyCream Hazelnuts 80g
60g Dark DarkDream,DarkDream Dark 60g
MintyFresh refresh mint 18grams,MintyFresh Mint 18g
200g ChocoDelight smooth,ChocoDelight Dark 200g
A creamy and delicious ChocoDelight white chocolate bar weighing 350g(300g+50g),ChocoDelight White 350g
delightful Hazelnuts 80g NuttyCream,NuttyCream Hazelnuts 80g
Dark DarkDream 60g decadent,DarkDream Dark 60g
18g MintyFresh ref,MintyFresh Mint 18g
200g ChocoDelight smooth,ChocoDelight Dark 200g
350g ChocoDelight delicious,ChocoDelight Dark 350g
delightful Hazelnuts 80g NuttyCream,NuttyCream Hazelnuts 80g
A decadent DarkDream dark chocolate ice cream with a weight of 60 grams.,DarkDream Dark 60g
18g MintyFresh ref,MintyFresh Mint 18g
A rich and smooth ChocoDelight dark chocolate bar weighing (150+50) 200 grams.,ChocoDelight Dark 200g
A creamy and delicious ChocoDelight white chocolate bar weighing 350g(300g+50g),ChocoDelight White 350g
A delightful NuttyCream hazelnut flavored ice cream with a weight of 80 grams.,NuttyCream Hazelnuts 80g
Dark DarkDream 60g decadent,DarkDream Dark 60g
MintyFresh 18g refresh,MintyFresh Mint 18g
ChocoDelight Dark 200g rich,ChocoDelight Dark 200g
creamy ChocoDelight 350g,ChocoDelight 350g
delightful Hazelnuts 80g NuttyCream,NuttyCream Hazelnuts 80g
A decadent DarkDream dark chocolate ice cream with a weight of 60 grams.,DarkDream Dark 60g
A refreshing MintyFresh candy with a weight of 9gx2,MintyFresh Mint 18g
ChocoDelight Dark 200g rich,ChocoDelight Dark 200g
creamy ChocoDelight 350g,ChocoDelight 350g
delightful Hazelnuts 80g NuttyCream,NuttyCream Hazelnuts 80g
60g Dark DarkDream,DarkDream Dark 60g
MintyFresh 18g refresh,MintyFresh Mint 18g
rich ChocoDelight 200g,ChocoDelight Dark 200g
ChocoDelight White 350g creamy,ChocoDelight White 350g
80g NuttyCream flavor Hazelnuts,NuttyCream Hazelnuts 80g
60g Dark DarkDream,DarkDream Dark 60g
MintyFresh 18g refresh,MintyFresh Mint 18g
rich ChocoDelight 200g,ChocoDelight Dark 200g
creamy ChocoDelight 350g,ChocoDelight 350g
delightful Hazelnuts 80g NuttyCream,NuttyCream Hazelnuts 80g
60g Dark DarkDream,DarkDream Dark 60g
18g MintyFresh ref,MintyFresh Mint 18g
A rich and smooth ChocoDelight dark chocolate bar weighing (150+50) 200 grams.,ChocoDelight Dark 200g
A creamy and delicious ChocoDelight white chocolate bar weighing 350g(300g+50g),ChocoDelight White 350g
delightful Hazelnuts 80g NuttyCream,NuttyCream Hazelnuts 80g
60g Dark DarkDream,DarkDream Dark 60g
A refreshing MintyFresh candy with a weight of 9gx2,MintyFresh Mint 18g
ChocoDelight Dark 200g rich,ChocoDelight Dark 200g
A creamy and delicious ChocoDelight white chocolate bar weighing 350g(300g+50g),ChocoDelight White 350g
delightful Hazelnuts 80g NuttyCream,NuttyCream Hazelnuts 80g
decadent Dark 60g DarkDream,DarkDream Dark 60g
A refreshing MintyFresh candy with a weight of 9gx2,MintyFresh Mint 18g
ChocoDelight Dark 200g rich,ChocoDelight Dark 200g
creamy ChocoDelight 350g,ChocoDelight 350g
80g NuttyCream flavor Hazelnuts,NuttyCream Hazelnuts 80g
60g Dark DarkDream,DarkDream Dark 60g
MintyFresh refresh mint 18grams,MintyFresh Mint 18g
ChocoDelight Dark 200g rich,ChocoDelight Dark 200g
A creamy and delicious ChocoDelight white chocolate bar weighing 350g(300g+50g),ChocoDelight White 350g
A delightful NuttyCream hazelnut flavored ice cream with a weight of 80 grams.,NuttyCream Hazelnuts 80g
Dark DarkDream 60g decadent,DarkDream Dark 60g
18g MintyFresh ref,MintyFresh Mint 18g
A rich and smooth ChocoDelight dark chocolate bar weighing (150+50) 200 grams.,ChocoDelight Dark 200g
A creamy and delicious ChocoDelight white chocolate bar weighing 350g(300g+50g),ChocoDelight White 350g
Hazelnuts NuttyCream 80g  delightful,NuttyCream Hazelnuts 80g
Dark DarkDream 60g decadent,DarkDream Dark 60g
MintyFresh refresh mint 18grams,MintyFresh Mint 18g
200g ChocoDelight smooth,ChocoDelight Dark 200g
A creamy and delicious ChocoDelight white chocolate bar weighing 350g(300g+50g),ChocoDelight White 350g
delightful Hazelnuts 80g NuttyCream,NuttyCream Hazelnuts 80g
A decadent DarkDream dark chocolate ice cream with a weight of 60 grams.,DarkDream Dark 60g
A refreshing MintyFresh candy with a weight of 9gx2,MintyFresh Mint 18g
ChocoDelight Dark 200g rich,ChocoDelight Dark 200g
A creamy and delicious ChocoDelight white chocolate bar weighing 350g(300g+50g),ChocoDelight White 350g
Hazelnuts NuttyCream 80g  delightful,NuttyCream Hazelnuts 80g
Dark DarkDream 60g decadent,DarkDream Dark 60g
MintyFresh refresh mint 18grams,MintyFresh Mint 18g
ChocoDelight Dark 200g rich,ChocoDelight Dark 200g
creamy ChocoDelight 350g,ChocoDelight 350g
A delightful NuttyCream hazelnut flavored ice cream with a weight of 80 grams.,NuttyCream Hazelnuts 80g
A decadent DarkDream dark chocolate ice cream with a weight of 60 grams.,DarkDream Dark 60g
MintyFresh 18g refresh,MintyFresh Mint 18g
rich ChocoDelight 200g,ChocoDelight Dark 200g
ChocoDelight White 350g creamy,ChocoDelight White 350g
Hazelnuts NuttyCream 80g  delightful,NuttyCream Hazelnuts 80g
Dark DarkDream 60g decadent,DarkDream Dark 60g
A refreshing MintyFresh candy with a weight of 9gx2,MintyFresh Mint 18g
ChocoDelight Dark 200g rich,ChocoDelight Dark 200g
350g ChocoDelight delicious,ChocoDelight Dark 350g
80g NuttyCream flavor Hazelnuts,NuttyCream Hazelnuts 80g
A decadent DarkDream dark chocolate ice cream with a weight of 60 grams.,DarkDream Dark 60g
MintyFresh 18g refresh,MintyFresh Mint 18g
A rich and smooth ChocoDelight dark chocolate bar weighing (150+50) 200 grams.,ChocoDelight Dark 200g
350g ChocoDelight delicious,ChocoDelight Dark 350g
80g NuttyCream flavor Hazelnuts,NuttyCream Hazelnuts 80g
60g Dark DarkDream,DarkDream Dark 60g
18g MintyFresh ref,MintyFresh Mint 18g
ChocoDelight Dark 200g rich,ChocoDelight Dark 200g
A creamy and delicious ChocoDelight white chocolate bar weighing 350g(300g+50g),ChocoDelight White 350g
A delightful NuttyCream hazelnut flavored ice cream with a weight of 80 grams.,NuttyCream Hazelnuts 80g
60g Dark DarkDream,DarkDream Dark 60g
MintyFresh refresh mint 18grams,MintyFresh Mint 18g
ChocoDelight Dark 200g rich,ChocoDelight Dark 200g
ChocoDelight White 350g creamy,ChocoDelight White 350g
delightful Hazelnuts 80g NuttyCream,NuttyCream Hazelnuts 80g
60g Dark DarkDream,DarkDream Dark 60g
MintyFresh 18g refresh,MintyFresh Mint 18g
A rich and smooth ChocoDelight dark chocolate bar weighing (150+50) 200 grams.,ChocoDelight Dark 200g
ChocoDelight White 350g creamy,ChocoDelight White 350g
delightful Hazelnuts 80g NuttyCream,NuttyCream Hazelnuts 80g
60g Dark DarkDream,DarkDream Dark 60g
MintyFresh refresh mint 18grams,MintyFresh Mint 18g
200g ChocoDelight smooth,ChocoDelight Dark 200g
creamy ChocoDelight 350g,ChocoDelight 350g
delightful Hazelnuts 80g NuttyCream,NuttyCream Hazelnuts 80g
decadent Dark 60g DarkDream,DarkDream Dark 60g
